{"VARA-USD": 1772337131.337835, "NEAR-USD": 1772338595.5175328, "COOKIE-USD": 1772338665.31022, "NOM-USD": 1772338725.374079, "BIO-USD": 1772338725.5312326}