{"VARA-USD": 1772337131.337835, "COOKIE-USD": 1772338522.6675453}