{"VARA-USD": 1772337131.337835, "NEAR-USD": 1772338595.5175328}