{"VARA-USD": 1772337131.337835, "PIRATE-USD": 1772337550.8295622}