{"VARA-USD": 1772337131.337835, "ENS-USD": 1772338634.8128555}