{"VARA-USD": 1772337131.337835, "PIRATE-USD": 1772337806.0299435}