{"VARA-USD": 1772337131.337835, "PIRATE-USD": 1772337800.0186331}