{"VARA-USD": 1772337131.337835, "COOKIE-USD": 1772338519.9445493}