{"VARA-USD": 1772337131.337835, "NEAR-USD": 1772338595.5175328, "ENS-USD": 1772338657.898492, "BIO-USD": 1772338658.052522}