{"VARA-USD": 1772337131.337835, "NEAR-USD": 1772338595.5175328, "WLFI-USD": 1772338679.1368513}