{"VARA-USD": 1772337131.337835, "NEAR-USD": 1772338595.5175328, "COOKIE-USD": 1772338665.31022, "TURBO-USD": 1772338714.063818, "ENS-USD": 1772338912.9147737}