{"VARA-USD": 1772337131.337835, "COOKIE-USD": 1772338522.6675453, "ENS-USD": 1772338629.8094642}