{"VARA-USD": 1772337131.337835, "MINA-USD": 1772337589.4080777}