{"cash": 23.69108796621542, "start_balance": 1000.0, "trade_count": 4, "win_count": 0, "loss_count": 4, "total_profit": -1.308912033784594}