{"cash": 324.3150684931507, "start_balance": 1000.0, "trade_count": 1, "win_count": 0, "loss_count": 1, "total_profit_usd": -0.6849315068493134}