{"cash": 21.930283574100315, "start_balance": 1000.0, "trade_count": 8, "win_count": 0, "loss_count": 8, "total_profit": -3.0697164258996814}