{"cash": 23.657015328527464, "start_balance": 1000.0, "trade_count": 4, "win_count": 0, "loss_count": 4, "total_profit": -1.3429846714725535}