{"cash": 22.672248477476472, "start_balance": 1000.0, "trade_count": 8, "win_count": 1, "loss_count": 7, "total_profit": -2.3277515225235312}