{"cash": 23.318694718946304, "start_balance": 1000.0, "trade_count": 5, "win_count": 0, "loss_count": 5, "total_profit": -1.6813052810537137}