{"cash": 23.700281354207725, "start_balance": 1000.0, "trade_count": 4, "win_count": 0, "loss_count": 4, "total_profit": -1.2997186457922894}