{"cash": 23.268369202027685, "start_balance": 1000.0, "trade_count": 5, "win_count": 0, "loss_count": 5, "total_profit": -1.731630797972329}