{"cash": 23.928980526918735, "start_balance": 1000.0, "trade_count": 2, "win_count": 0, "loss_count": 2, "total_profit": -1.0710194730813285}