{"cash": 23.11824219145049, "start_balance": 1000.0, "trade_count": 5, "win_count": 0, "loss_count": 5, "total_profit": -1.8817578085495121}