{"cash": 399.6713070378964, "start_balance": 1000.0, "trade_count": 1, "win_count": 0, "loss_count": 1, "total_profit_usd": -0.32869296210363785}