{"cash": 22.473835779063776, "start_balance": 1000.0, "trade_count": 7, "win_count": 0, "loss_count": 7, "total_profit": -2.5261642209362307}