{"cash": 498.92898052691874, "start_balance": 1000.0, "trade_count": 2, "win_count": 0, "loss_count": 2, "total_profit": -1.0710194730813285}