{"cash": 24.106034968979145, "start_balance": 1000.0, "trade_count": 2, "win_count": 0, "loss_count": 2, "total_profit": -0.8939650310208691}