{"cash": 23.8888888888889, "start_balance": 1000.0, "trade_count": 2, "win_count": 0, "loss_count": 2, "total_profit": -1.1111111111111072}