{"cash": 23.550479413423588, "start_balance": 1000.0, "trade_count": 3, "win_count": 0, "loss_count": 3, "total_profit": -1.4495205865764227}