{"cash": 23.78756363139952, "start_balance": 1000.0, "trade_count": 3, "win_count": 0, "loss_count": 3, "total_profit": -1.212436368600489}