{"cash": 22.75996193667342, "start_balance": 1000.0, "trade_count": 6, "win_count": 0, "loss_count": 6, "total_profit": -2.2400380633265833}