{"cash": 23.87580745001923, "start_balance": 1000.0, "trade_count": 3, "win_count": 0, "loss_count": 3, "total_profit": -1.1241925499807834}