{"cash": 22.116692921920915, "start_balance": 1000.0, "trade_count": 9, "win_count": 1, "loss_count": 8, "total_profit": -2.883307078079085}