{"cash": 22.960414464169233, "start_balance": 1000.0, "trade_count": 6, "win_count": 0, "loss_count": 6, "total_profit": -2.039585535830785}