{"cash": 23.97548666610708, "start_balance": 1000.0, "trade_count": 3, "win_count": 0, "loss_count": 3, "total_profit": -1.0245133338929335}