{"cash": 499.44444444444446, "start_balance": 1000.0, "trade_count": 1, "win_count": 0, "loss_count": 1, "total_profit": -0.5555555555555536}