{"cash": 48.944112521367686, "start_balance": 1000.0, "trade_count": 2, "win_count": 0, "loss_count": 2, "total_profit_usd": -1.0558874786323322}