{"SUSHI-USD": {"entry": 0.211, "qty": 4.91093176949582e-08, "size": 1.036206603363618e-08, "time": 1772317855.3527393, "peak": 0.212, "stop": 0.20256, "trail": null, "features": [79.09090909090895, 3.075775827453681, 0.028106205208850592, 0.005240590757503525, 0.004129993229519301]}, "ONDO-USD": {"entry": 0.2618, "qty": 1.9790042081046945e-09, "size": 5.18103301681809e-10, "time": 1772317855.520075, "peak": 0.26439, "stop": 0.251328, "trail": null, "features": [68.07387862796882, 2.6383950710817214, 0.006243988464150791, 0.002746100156375142, 0.0015866374696392608]}, "WAL-USD": {"entry": 0.07814, "qty": 3.315224607638913e-10, "size": 2.590516508409047e-11, "time": 1772317856.8648288, "peak": 0.07814, "stop": 0.0750144, "trail": null, "features": [81.17386489479517, 1.4915413641629103, 0.025995348745501873, 0.00398303995888481, 0.008647482540495053]}, "GST-USD": {"entry": 0.001756, "qty": 7.37618595788453e-10, "size": 1.2952582542045234e-12, "time": 1772317858.1153853, "peak": 0.001757, "stop": 0.00168576, "trail": null, "features": [54.59459459459457, 1.3349996622265075, 0.007796876368452629, 0.011520737327188972, 0.010901399284087194]}, "AUDIO-USD": {"entry": 0.0196, "qty": 3.304230240317664e-12, "size": 6.476291271022621e-14, "time": 1772317859.0381174, "peak": 0.0196, "stop": 0.018816, "trail": null, "features": [68.42105263157893, 1.731666415404122, 0.019625051194682348, 0.010309278350515401, 0.00874635568513118]}, "USELESS-USD": {"entry": 0.0449, "qty": 7.211905647018497e-14, "size": 3.2381456355113057e-15, "time": 1772317940.758013, "peak": 0.0452, "stop": 0.043104, "trail": null, "features": [81.25000000000021, 3.576540507170638, 0.02411436981188888, 0.002232142857142921, 0.004454342984409805]}, "SUPER-USD": {"entry": 0.11694, "qty": 1.7306661725624785e-19, "size": 2.0238410221945624e-20, "time": 1772318343.9603608, "peak": 0.11726, "stop": 0.1122624, "trail": null, "features": [71.79487179487181, 1.189523961034877, 0.021440626531767808, 0.010804736796611644, 0.0028463925334115073]}, "FAI-USD": {"entry": 0.00143, "qty": 7.076367210470506e-19, "size": 1.0119205110972825e-21, "time": 1772318344.2577715, "peak": 0.00143, "stop": 0.0013728, "trail": null, "features": [50.0, 2.061382646399072, 0.0018953175017319178, 0.014184397163120605, 0.007492507492507512]}, "HBAR-USD": {"entry": 0.10092, "qty": 5.01347855280064e-22, "size": 5.059602555486405e-23, "time": 1772318344.455481, "peak": 0.101, "stop": 0.09688319999999999, "trail": null, "features": [60.344827586206755, 1.9505014900296076, 0.005472288861616182, 0.003579596301083814, 0.001698489759522138]}, "BERA-USD": {"entry": 0.623, "qty": 4.0606762082555384e-24, "size": 2.5298012777432003e-24, "time": 1772318346.2745118, "peak": 0.623, "stop": 0.59808, "trail": null, "features": [72.22222222222223, 1.8379872023868649, 0.006736221501761674, 0.008103727714748791, 0.0025264124942581557]}, "RENDER-USD": {"entry": 1.421, "qty": 8.901482328441938e-26, "size": 1.2649006388715994e-25, "time": 1772318346.4949107, "peak": 1.426, "stop": 1.36416, "trail": null, "features": [70.27027027027071, 2.2836691675828242, 0.008217653930890466, 0.005645730416372623, 0.0024060150375939536]}, "MANTLE-USD": {"entry": 0.6362, "qty": 9.941061292609232e-27, "size": 6.3245031943579926e-27, "time": 1772318346.65414, "peak": 0.6365, "stop": 0.610752, "trail": null, "features": [64.56692913385899, 1.4745453218361297, 0.007138616778135919, 0.0028400126222783584, 0.0018317899847162889]}, "KERNEL-USD": {"entry": 0.0794, "qty": 3.9826846312078045e-27, "size": 3.1622515971789965e-28, "time": 1772318347.3212998, "peak": 0.0798, "stop": 0.076224, "trail": null, "features": [78.18181818181827, 2.0506336990596066, 0.01831048404050357, 0.01421188630490961, 0.0057324840764331085]}, "LRDS-USD": {"entry": 0.0265, "qty": 5.966512447507534e-28, "size": 1.5811257985894966e-29, "time": 1772318349.3028674, "peak": 0.0265, "stop": 0.025439999999999997, "trail": null, "features": [52.499999999999986, 3.4843331936947317, 0.01850964292271429, 0.003787878787878765, 0.012938005390835568]}, "COMP-USD": {"entry": 18.22, "qty": 4.338984079554046e-32, "size": 7.905628992947472e-31, "time": 1772318615.4110909, "peak": 18.22, "stop": 17.4912, "trail": null, "features": [70.37037037037021, 1.3005783118664223, 0.026013687608057508, 0.007186290768380265, 0.00395954210443783]}}