{"CFG-USD": {"entry": 0.1086, "qty": 3.8165989074166344e-05, "size": 4.144826413454465e-06, "time": 1772317680.1337826, "peak": 0.1086, "stop": 0.104256, "trail": null, "features": [61.90476190476189, 1.5067766221081895, 0.016897391995656076, 0.011173184357541962, 0.0035516969218626596]}, "MPLX-USD": {"entry": 0.0322, "qty": 6.436065859401354e-06, "size": 2.072413206727236e-07, "time": 1772317682.8665154, "peak": 0.0322, "stop": 0.030912, "trail": null, "features": [65.2173913043477, 1.2273833452137073, 0.025312173995510244, 0.006249999999999962, 0.006211180124223672]}, "ALGO-USD": {"entry": 0.0875, "qty": 1.1842361181298492e-07, "size": 1.036206603363618e-08, "time": 1772317861.2340221, "peak": 0.0875, "stop": 0.08399999999999999, "trail": null, "features": [63.63636363636318, 2.9400496349083873, 0.004372019920714397, 0.004592422502870236, 0.0021224489795918524]}}