{"BTC-USD": {"entry": 67041.85, "qty": 0.00037290140412294705, "size": 25.0, "stop": 64360.17600000001, "peak": 67041.85, "time": 1772322805.9995883}, "ETH-USD": {"entry": 1965.95, "qty": 0.012716498385004705, "size": 25.0, "stop": 1887.312, "peak": 1965.95, "time": 1772322810.212532}}