{"BTC-USD": {"entry": 66992.77, "qty": 0.00037317459779615024, "size": 25.0, "stop": 64313.0592, "peak": 66992.77, "time": 1772322881.137418}, "ETH-USD": {"entry": 1963.82, "qty": 0.012730290963530263, "size": 25.0, "stop": 1885.2671999999998, "peak": 1963.82, "time": 1772323059.804759}, "SOL-USD": {"entry": 84.32, "qty": 0.29648956356736245, "size": 25.0, "stop": 80.9472, "peak": 84.32, "time": 1772323063.4898741}, "LINK-USD": {"entry": 8.836, "qty": 2.8293345405160704, "size": 25.0, "stop": 8.48256, "peak": 8.836, "time": 1772323067.3025336}}