{"BTC-USD": {"entry": 67012.4, "qty": 0.0003730652834400798, "size": 25.0, "stop": 64331.903999999995, "peak": 67012.4, "time": 1772322767.0984495}, "ETH-USD": {"entry": 1963.47, "qty": 0.012732560212277243, "size": 25.0, "stop": 1884.9312, "peak": 1963.47, "time": 1772323010.038743}}