{"BTC-USD": {"entry": 67041.85, "qty": 0.00037290140412294705, "size": 25.0, "stop": 64360.17600000001, "peak": 67041.85, "time": 1772322805.9995883}, "ETH-USD": {"entry": 1963.44, "qty": 0.012732754756957176, "size": 25.0, "stop": 1884.9024, "peak": 1963.44, "time": 1772322980.205521}, "SOL-USD": {"entry": 84.29, "qty": 0.2965950883853363, "size": 25.0, "stop": 80.9184, "peak": 84.29, "time": 1772322983.8747876}, "LINK-USD": {"entry": 8.837, "qty": 2.829014371393007, "size": 25.0, "stop": 8.483519999999999, "peak": 8.837, "time": 1772322987.5959299}}