{"BTC-USD": {"entry": 67012.4, "qty": 0.0003730652834400798, "size": 25.0, "stop": 64331.903999999995, "peak": 67012.4, "time": 1772322767.0984495}, "ETH-USD": {"entry": 1966.31, "qty": 0.012714170196967925, "size": 25.0, "stop": 1887.6575999999998, "peak": 1966.31, "time": 1772322838.0796053}, "SOL-USD": {"entry": 84.47, "qty": 0.29596306380963655, "size": 25.0, "stop": 81.0912, "peak": 84.47, "time": 1772322841.9550314}}