{"PLU-USD": {"entry": 0.142, "qty": 176.05633802816902, "peak": 0.142, "stop": 0.13631999999999997}, "ENS-USD": {"entry": 6.28, "qty": 3.9808917197452227, "peak": 6.28, "stop": 6.0288}, "CELR-USD": {"entry": 0.00252, "qty": 9920.63492063492, "peak": 0.00252, "stop": 0.0024192}, "CRO-USD": {"entry": 0.07697, "qty": 324.80187085877617, "peak": 0.07697, "stop": 0.07389119999999999}, "NOM-USD": {"entry": 0.00365, "qty": 6849.315068493151, "peak": 0.00365, "stop": 0.0035039999999999997}, "PNUT-USD": {"entry": 0.0456, "qty": 548.2456140350877, "peak": 0.0456, "stop": 0.043776}, "COOKIE-USD": {"entry": 0.01846, "qty": 1354.2795232936078, "peak": 0.01846, "stop": 0.0177216}, "TURBO-USD": {"entry": 0.001007, "qty": 24826.216484607743, "peak": 0.001007, "stop": 0.00096672}, "IMU-USD": {"entry": 0.00312, "qty": 8012.820512820513, "peak": 0.00312, "stop": 0.0029952}, "WLFI-USD": {"entry": 0.11446, "qty": 218.4169142058361, "peak": 0.11446, "stop": 0.1098816}, "PAX-USD": {"entry": 0.9995, "qty": 25.012506253126563, "peak": 0.9995, "stop": 0.95952}, "FIGHT-USD": {"entry": 0.00635, "qty": 3937.0078740157483, "peak": 0.00635, "stop": 0.006096}, "COW-USD": {"entry": 0.2172, "qty": 115.1012891344383, "peak": 0.2172, "stop": 0.208512}, "AUCTION-USD": {"entry": 4.87, "qty": 5.133470225872689, "peak": 4.87, "stop": 4.6752}, "NEAR-USD": {"entry": 1.149, "qty": 21.75805047867711, "peak": 1.154, "stop": 1.10304}, "JASMY-USD": {"entry": 0.00572, "qty": 4370.62937062937, "peak": 0.00572, "stop": 0.0054912}, "BIO-USD": {"entry": 0.0215, "qty": 1162.7906976744187, "peak": 0.0215, "stop": 0.02064}, "SWFTC-USD": {"entry": 0.00383, "qty": 6527.415143603133, "peak": 0.00383, "stop": 0.0036768}, "NOICE-USD": {"entry": 5.51e-05, "qty": 453720.5081669692, "peak": 5.51e-05, "stop": 5.2895999999999996e-05}}