{"BTC-USD": {"entry": 66961.29, "qty": 0.0003733500355205224, "size": 25.0, "stop": 64282.83839999999, "peak": 66961.29, "time": 1772323007.3494854}, "ETH-USD": {"entry": 1963.42, "qty": 0.012732884456713285, "size": 25.0, "stop": 1884.8832, "peak": 1963.42, "time": 1772323011.1022646}}