{"SUSHI-USD": {"entry": 0.211, "qty": 4.91093176949582e-08, "size": 1.036206603363618e-08, "time": 1772317855.3527393, "peak": 0.211, "stop": 0.20256, "trail": null, "features": [79.09090909090895, 3.075775827453681, 0.028106205208850592, 0.005240590757503525, 0.004129993229519301]}, "ONDO-USD": {"entry": 0.2618, "qty": 1.9790042081046945e-09, "size": 5.18103301681809e-10, "time": 1772317855.520075, "peak": 0.26217, "stop": 0.251328, "trail": null, "features": [68.07387862796882, 2.6383950710817214, 0.006243988464150791, 0.002746100156375142, 0.0015866374696392608]}, "WAL-USD": {"entry": 0.07814, "qty": 3.315224607638913e-10, "size": 2.590516508409047e-11, "time": 1772317856.8648288, "peak": 0.07814, "stop": 0.0750144, "trail": null, "features": [81.17386489479517, 1.4915413641629103, 0.025995348745501873, 0.00398303995888481, 0.008647482540495053]}, "GST-USD": {"entry": 0.001756, "qty": 7.37618595788453e-10, "size": 1.2952582542045234e-12, "time": 1772317858.1153853, "peak": 0.001757, "stop": 0.00168576, "trail": null, "features": [54.59459459459457, 1.3349996622265075, 0.007796876368452629, 0.011520737327188972, 0.010901399284087194]}, "AUDIO-USD": {"entry": 0.0196, "qty": 3.304230240317664e-12, "size": 6.476291271022621e-14, "time": 1772317859.0381174, "peak": 0.0196, "stop": 0.018816, "trail": null, "features": [68.42105263157893, 1.731666415404122, 0.019625051194682348, 0.010309278350515401, 0.00874635568513118]}, "USELESS-USD": {"entry": 0.0449, "qty": 7.211905647018497e-14, "size": 3.2381456355113057e-15, "time": 1772317940.758013, "peak": 0.0449, "stop": 0.043104, "trail": null, "features": [81.25000000000021, 3.576540507170638, 0.02411436981188888, 0.002232142857142921, 0.004454342984409805]}}