{"BTC-USD": {"entry": 66989.65, "qty": 0.000373191978163791, "size": 25.0, "stop": 64310.06399999999, "peak": 66989.65, "time": 1772322898.8765101}, "ETH-USD": {"entry": 1964.72, "qty": 0.012724459464961929, "size": 25.0, "stop": 1886.1312, "peak": 1964.72, "time": 1772322902.8101368}}