{"BTC-USD": {"entry": 67041.85, "qty": 0.00037290140412294705, "size": 25.0, "stop": 64360.17600000001, "peak": 67041.85, "time": 1772322805.9995883}, "ETH-USD": {"entry": 1963.36, "qty": 0.012733273571836037, "size": 25.0, "stop": 1884.8256, "peak": 1963.36, "time": 1772322963.9970424}, "SOL-USD": {"entry": 84.37, "qty": 0.2963138556358895, "size": 25.0, "stop": 80.9952, "peak": 84.37, "time": 1772323100.519827}, "LINK-USD": {"entry": 8.842, "qty": 2.827414612078715, "size": 25.0, "stop": 8.48832, "peak": 8.842, "time": 1772323104.4414392}}