{"BTC-USD": {"entry": 67041.85, "qty": 0.00037290140412294705, "size": 25.0, "stop": 64360.17600000001, "peak": 67041.85, "time": 1772322805.9995883}, "ETH-USD": {"entry": 1963.36, "qty": 0.012733273571836037, "size": 25.0, "stop": 1884.8256, "peak": 1963.36, "time": 1772322963.9970424}, "SOL-USD": {"entry": 84.55, "qty": 0.29568302779420463, "size": 25.0, "stop": 81.16799999999999, "peak": 84.55, "time": 1772323218.2042902}}