{"BTC-USD": {"entry": 66992.77, "qty": 0.00037317459779615024, "size": 25.0, "stop": 64313.0592, "peak": 66992.77, "time": 1772322881.137418}, "ETH-USD": {"entry": 1963.82, "qty": 0.012730290963530263, "size": 25.0, "stop": 1885.2671999999998, "peak": 1963.82, "time": 1772323060.3953965}}