{"BTC-USD": {"entry": 66989.62, "qty": 0.0003731921452905689, "size": 25.0, "stop": 64310.03519999999, "peak": 66989.62, "time": 1772322900.04562}}