{"BTC-USD": {"entry": 67041.85, "qty": 0.00037290140412294705, "size": 25.0, "stop": 64360.17600000001, "peak": 67041.85, "time": 1772322805.9995883}, "ETH-USD": {"entry": 1963.36, "qty": 0.012733273571836037, "size": 25.0, "stop": 1884.8256, "peak": 1963.36, "time": 1772322963.9970424}, "SOL-USD": {"entry": 84.37, "qty": 0.2963138556358895, "size": 25.0, "stop": 80.9952, "peak": 84.37, "time": 1772323200.903084}, "LINK-USD": {"entry": 8.853, "qty": 2.823901502315599, "size": 25.0, "stop": 8.49888, "peak": 8.853, "time": 1772323205.3751438}}