{"ANKR-USD": {"entry": 0.00436, "qty": 5733.94495412844, "peak": 0.00436, "stop": 0.0041856}, "BNB-USD": {"entry": 629.65, "qty": 0.03970459779242436, "peak": 629.65, "stop": 604.4639999999999}, "JTO-USD": {"entry": 0.2729, "qty": 91.60864785635765, "peak": 0.2729, "stop": 0.261984}, "HIGH-USD": {"entry": 0.142, "qty": 176.05633802816902, "peak": 0.142, "stop": 0.13631999999999997}, "KSM-USD": {"entry": 5.05, "qty": 4.9504950495049505, "peak": 5.05, "stop": 4.848}, "KMNO-USD": {"entry": 0.02179, "qty": 1147.3152822395593, "peak": 0.02179, "stop": 0.0209184}, "SKR-USD": {"entry": 0.0225, "qty": 1111.111111111111, "peak": 0.0225, "stop": 0.021599999999999998}, "LAYER-USD": {"entry": 0.1017, "qty": 245.82104228121926, "peak": 0.1017, "stop": 0.097632}, "ACH-USD": {"entry": 0.007024, "qty": 3559.2255125284737, "peak": 0.007024, "stop": 0.00674304}, "PYR-USD": {"entry": 0.314, "qty": 79.61783439490446, "peak": 0.314, "stop": 0.30144}, "IO-USD": {"entry": 0.112, "qty": 223.21428571428572, "peak": 0.112, "stop": 0.10752}, "FORTH-USD": {"entry": 0.9917, "qty": 25.209236664313803, "peak": 0.9917, "stop": 0.952032}, "KERNEL-USD": {"entry": 0.0803, "qty": 311.33250311332506, "peak": 0.0803, "stop": 0.07708799999999999}, "AKT-USD": {"entry": 0.312, "qty": 80.12820512820512, "peak": 0.312, "stop": 0.29952}, "EUL-USD": {"entry": 1.102, "qty": 22.686025408348456, "peak": 1.102, "stop": 1.05792}, "JASMY-USD": {"entry": 0.00572, "qty": 4370.62937062937, "peak": 0.00572, "stop": 0.0054912}, "SQD-USD": {"entry": 0.0373, "qty": 670.2412868632708, "peak": 0.0373, "stop": 0.035808}, "FIS-USD": {"entry": 0.017, "qty": 1470.5882352941176, "peak": 0.017, "stop": 0.01632}, "STG-USD": {"entry": 0.1596, "qty": 156.64160401002508, "peak": 0.1596, "stop": 0.153216}}