{"BTC-USD": {"entry": 66989.62, "qty": 0.0003731921452905689, "size": 25.0, "stop": 64310.03519999999, "peak": 66989.62, "time": 1772322900.04562}, "ETH-USD": {"entry": 1964.72, "qty": 0.012724459464961929, "size": 25.0, "stop": 1886.1312, "peak": 1964.72, "time": 1772322904.1310916}, "SOL-USD": {"entry": 84.32, "qty": 0.29648956356736245, "size": 25.0, "stop": 80.9472, "peak": 84.32, "time": 1772322907.7797968}}