{"BTC-USD": {"entry": 67012.4, "qty": 0.0003730652834400798, "size": 25.0, "stop": 64331.903999999995, "peak": 67012.4, "time": 1772322767.0984495}}