{"CFG-USD": {"entry": 0.1086, "qty": 3.8165989074166344e-05, "size": 4.144826413454465e-06, "time": 1772317680.1337826, "peak": 0.1089, "stop": 0.104256, "trail": null, "features": [61.90476190476189, 1.5067766221081895, 0.016897391995656076, 0.011173184357541962, 0.0035516969218626596]}, "MPLX-USD": {"entry": 0.0322, "qty": 6.436065859401354e-06, "size": 2.072413206727236e-07, "time": 1772317682.8665154, "peak": 0.0322, "stop": 0.030912, "trail": null, "features": [65.2173913043477, 1.2273833452137073, 0.025312173995510244, 0.006249999999999962, 0.006211180124223672]}, "ALGO-USD": {"entry": 0.0875, "qty": 1.1842361181298492e-07, "size": 1.036206603363618e-08, "time": 1772317861.2340221, "peak": 0.0875, "stop": 0.08399999999999999, "trail": null, "features": [63.63636363636318, 2.9400496349083873, 0.004372019920714397, 0.004592422502870236, 0.0021224489795918524]}, "ACH-USD": {"entry": 0.006924, "qty": 1.4965433324142375e-06, "size": 1.036206603363618e-08, "time": 1772317928.9979632, "peak": 0.006924, "stop": 0.006647039999999999, "trail": null, "features": [60.106382978723325, 3.6896829609844324, 0.012873201161284762, 0.008006987916727252, 0.002517124700833561]}, "SAFE-USD": {"entry": 0.1036, "qty": 5.000997120480781e-09, "size": 5.18103301681809e-10, "time": 1772317930.2710643, "peak": 0.1036, "stop": 0.09945599999999999, "trail": null, "features": [66.66666666666666, 1.6897278587447375, 0.006478396705446607, 0.005825242718446634, 0.002068394925537775]}, "SUSHI-USD": {"entry": 0.211, "qty": 1.227732942373956e-10, "size": 2.590516508409047e-11, "time": 1772317930.426532, "peak": 0.211, "stop": 0.20256, "trail": null, "features": [79.09090909090895, 3.075775827453681, 0.028106205208850592, 0.005240590757503525, 0.004129993229519301]}, "QNT-USD": {"entry": 63.88, "qty": 2.027642852543086e-14, "size": 1.2952582542045234e-12, "time": 1772317932.3540103, "peak": 63.88, "stop": 61.3248, "trail": null, "features": [53.33333333333348, 6.126645355060194, 0.0028130813648585377, 0.0006265664160400869, 0.001934430628857676]}, "YB-USD": {"entry": 0.1674, "qty": 3.8687522527016856e-13, "size": 6.476291271022621e-14, "time": 1772317933.2912078, "peak": 0.1674, "stop": 0.16070399999999999, "trail": null, "features": [70.89552238805965, 2.375652831513826, 0.017164742553763823, 0.023227383863080674, 0.00678443420378903]}, "REQ-USD": {"entry": 0.0629, "qty": 5.148085271083157e-14, "size": 3.2381456355113057e-15, "time": 1772317934.0847692, "peak": 0.0629, "stop": 0.06038399999999999, "trail": null, "features": [64.58333333333331, 1.8895588011231308, 0.007652432884965195, 0.026101141924959173, 0.006018623665682489]}, "RAY-USD": {"entry": 0.6135, "qty": 2.639075497564226e-16, "size": 1.619072817755653e-16, "time": 1772317975.4614718, "peak": 0.6135, "stop": 0.58896, "trail": null, "features": [84.87084870848712, 1.7966506198769538, 0.020583173269616048, 0.047107014848950454, 0.008278030038421242]}}