{"SUSHI-USD": {"entry": 0.211, "qty": 4.91093176949582e-08, "size": 1.036206603363618e-08, "time": 1772317855.3527393, "peak": 0.212, "stop": 0.20256, "trail": null, "features": [79.09090909090895, 3.075775827453681, 0.028106205208850592, 0.005240590757503525, 0.004129993229519301]}, "ONDO-USD": {"entry": 0.2618, "qty": 1.9790042081046945e-09, "size": 5.18103301681809e-10, "time": 1772317855.520075, "peak": 0.265, "stop": 0.251328, "trail": 0.262615, "features": [68.07387862796882, 2.6383950710817214, 0.006243988464150791, 0.002746100156375142, 0.0015866374696392608]}, "WAL-USD": {"entry": 0.07814, "qty": 3.315224607638913e-10, "size": 2.590516508409047e-11, "time": 1772317856.8648288, "peak": 0.07814, "stop": 0.0750144, "trail": null, "features": [81.17386489479517, 1.4915413641629103, 0.025995348745501873, 0.00398303995888481, 0.008647482540495053]}, "GST-USD": {"entry": 0.001756, "qty": 7.37618595788453e-10, "size": 1.2952582542045234e-12, "time": 1772317858.1153853, "peak": 0.001757, "stop": 0.00168576, "trail": null, "features": [54.59459459459457, 1.3349996622265075, 0.007796876368452629, 0.011520737327188972, 0.010901399284087194]}, "AUDIO-USD": {"entry": 0.0196, "qty": 3.304230240317664e-12, "size": 6.476291271022621e-14, "time": 1772317859.0381174, "peak": 0.0196, "stop": 0.018816, "trail": null, "features": [68.42105263157893, 1.731666415404122, 0.019625051194682348, 0.010309278350515401, 0.00874635568513118]}, "USELESS-USD": {"entry": 0.0449, "qty": 7.211905647018497e-14, "size": 3.2381456355113057e-15, "time": 1772317940.758013, "peak": 0.0452, "stop": 0.043104, "trail": null, "features": [81.25000000000021, 3.576540507170638, 0.02411436981188888, 0.002232142857142921, 0.004454342984409805]}, "MANTLE-USD": {"entry": 0.6356, "qty": 8.15140499814048e-10, "size": 5.18103301681809e-10, "time": 1772318107.1151211, "peak": 0.6367, "stop": 0.610176, "trail": null, "features": [64.56692913385899, 1.4745453218361297, 0.007138616778135919, 0.0028400126222783584, 0.0018317899847162889]}, "REQ-USD": {"entry": 0.0629, "qty": 4.1184682168665294e-10, "size": 2.590516508409047e-11, "time": 1772318107.3143063, "peak": 0.0629, "stop": 0.06038399999999999, "trail": null, "features": [64.58333333333331, 1.8895588011231308, 0.007652432884965195, 0.026101141924959173, 0.006018623665682489]}, "KERNEL-USD": {"entry": 0.0785, "qty": 1.6500105149102207e-11, "size": 1.2952582542045234e-12, "time": 1772318107.6471286, "peak": 0.0794, "stop": 0.07536, "trail": null, "features": [78.18181818181827, 2.0506336990596066, 0.01831048404050357, 0.01421188630490961, 0.0057324840764331085]}, "COMP-USD": {"entry": 18.21, "qty": 3.556447705119506e-15, "size": 6.476291271022621e-14, "time": 1772318107.8309886, "peak": 18.3, "stop": 17.4816, "trail": null, "features": [73.972602739726, 2.181957365095429, 0.02483522419074189, 0.015581524763494777, 0.0034050880626223267]}, "PNG-USD": {"entry": 0.02424, "qty": 1.335868661514565e-13, "size": 3.2381456355113057e-15, "time": 1772318108.347826, "peak": 0.02424, "stop": 0.0232704, "trail": null, "features": [55.55555555555573, 1.733263041034524, 0.0056451309454574414, 0.003726708074534153, 0.0030056577086279854]}, "EUL-USD": {"entry": 1.106, "qty": 1.4638994735584564e-16, "size": 1.619072817755653e-16, "time": 1772318108.6326907, "peak": 1.119, "stop": 1.06176, "trail": null, "features": [76.19047619047646, 2.9773918805849013, 0.005265969622616755, 0.013824884792626843, 0.002857142857142845]}, "QNT-USD": {"entry": 64.0, "qty": 1.264900638871603e-19, "size": 8.09536408877826e-18, "time": 1772318108.9487498, "peak": 64.32, "stop": 61.44, "trail": null, "features": [53.33333333333348, 6.126645355060194, 0.0028130813648585377, 0.0006265664160400869, 0.001934430628857676]}, "ENA-USD": {"entry": 0.105, "qty": 3.8549352803705974e-18, "size": 4.047682044389127e-19, "time": 1772318231.3106415, "peak": 0.105, "stop": 0.10079999999999999, "trail": null, "features": [79.1666666666663, 5.15168370277836, 0.005331552229121543, 0.012524084778419996, 0.0020388745412532492]}, "HIGH-USD": {"entry": 0.139, "qty": 1.4560007353917715e-19, "size": 2.0238410221945624e-20, "time": 1772318234.5838203, "peak": 0.139, "stop": 0.13344, "trail": null, "features": [66.66666666666666, 1.934158963531514, 0.034006797964728115, 0.007246376811594209, 0.005138746145940395]}, "BAT-USD": {"entry": 0.10739, "qty": 9.422856048955047e-21, "size": 1.0119205110972825e-21, "time": 1772318254.6376958, "peak": 0.10739, "stop": 0.10309439999999999, "trail": null, "features": [70.46413502109692, 2.459758074850817, 0.00856310438071451, 0.007694473116261624, 0.0020286539049925007]}, "VVV-USD": {"entry": 5.6479, "qty": 8.95837843355301e-24, "size": 5.059602555486405e-23, "time": 1772318275.2989745, "peak": 5.6479, "stop": 5.421984, "trail": null, "features": [60.825180774138786, 1.9512545440792919, 0.003652696795306864, 0.0062233634693914614, 0.004600046582750199]}}