{"BTC-USD": {"entry": 67041.85, "qty": 0.00037290140412294705, "size": 25.0, "stop": 64360.17600000001, "peak": 67041.85, "time": 1772322805.9995883}, "ETH-USD": {"entry": 1964.34, "qty": 0.01272692100145596, "size": 25.0, "stop": 1885.7663999999997, "peak": 1964.34, "time": 1772322915.4215672}, "SOL-USD": {"entry": 84.33, "qty": 0.296454405312463, "size": 25.0, "stop": 80.9568, "peak": 84.33, "time": 1772322919.2259061}, "LINK-USD": {"entry": 8.844, "qty": 2.8267752148349166, "size": 25.0, "stop": 8.49024, "peak": 8.844, "time": 1772322922.8647792}}