{"BTC-USD": {"entry": 67012.4, "qty": 0.0003730652834400798, "size": 25.0, "stop": 64331.903999999995, "peak": 67012.4, "time": 1772322767.0984495}, "ETH-USD": {"entry": 1965.68, "qty": 0.012718245085670099, "size": 25.0, "stop": 1887.0528, "peak": 1965.68, "time": 1772322881.9194927}, "SOL-USD": {"entry": 84.33, "qty": 0.296454405312463, "size": 25.0, "stop": 80.9568, "peak": 84.33, "time": 1772323035.3878176}}