{"BTC-USD": {"entry": 66992.77, "qty": 0.00037317459779615024, "size": 25.0, "stop": 64313.0592, "peak": 66992.77, "time": 1772322881.137418}, "ETH-USD": {"entry": 1965.68, "qty": 0.012718245085670099, "size": 25.0, "stop": 1887.0528, "peak": 1965.68, "time": 1772322884.8526793}, "SOL-USD": {"entry": 84.35, "qty": 0.2963841138114997, "size": 25.0, "stop": 80.97599999999998, "peak": 84.35, "time": 1772322888.562112}}