{"BTC-USD": {"entry": 67041.85, "qty": 0.00037290140412294705, "size": 25.0, "stop": 64360.17600000001, "peak": 67041.85, "time": 1772322805.9995883}, "ETH-USD": {"entry": 1963.44, "qty": 0.012732754756957176, "size": 25.0, "stop": 1884.9024, "peak": 1963.44, "time": 1772322975.8044386}}