{"BTC-USD": {"entry": 67012.4, "qty": 0.0003730652834400798, "size": 25.0, "stop": 64331.903999999995, "peak": 67012.4, "time": 1772322767.0984495}, "ETH-USD": {"entry": 1965.09, "qty": 0.012722063620495754, "size": 25.0, "stop": 1886.4863999999998, "peak": 1965.09, "time": 1772322771.353612}, "SOL-USD": {"entry": 84.39, "qty": 0.2962436307619386, "size": 25.0, "stop": 81.0144, "peak": 84.39, "time": 1772322775.6095278}}