{"BTC-USD": {"entry": 66992.77, "qty": 0.00037317459779615024, "size": 25.0, "stop": 64313.0592, "peak": 66992.77, "time": 1772322881.137418}}