{"BTC-USD": {"entry": 67041.85, "qty": 0.00037290140412294705, "size": 25.0, "stop": 64360.17600000001, "peak": 67041.85, "time": 1772322805.9995883}, "ETH-USD": {"entry": 1963.36, "qty": 0.012733273571836037, "size": 25.0, "stop": 1884.8256, "peak": 1963.36, "time": 1772322963.9970424}, "SOL-USD": {"entry": 84.29, "qty": 0.2965950883853363, "size": 25.0, "stop": 80.9184, "peak": 84.29, "time": 1772322967.8992696}, "LINK-USD": {"entry": 8.837, "qty": 2.829014371393007, "size": 25.0, "stop": 8.483519999999999, "peak": 8.837, "time": 1772322971.7178073}}