{"BTC-USD": {"entry": 67041.85, "qty": 0.00037290140412294705, "size": 25.0, "stop": 64360.17600000001, "peak": 67041.85, "time": 1772322805.9995883}, "ETH-USD": {"entry": 1963.43, "qty": 0.012732819606504943, "size": 25.0, "stop": 1884.8928, "peak": 1963.43, "time": 1772322992.9712343}, "SOL-USD": {"entry": 84.3, "qty": 0.29655990510083036, "size": 25.0, "stop": 80.928, "peak": 84.3, "time": 1772322996.7311246}}