{"BTC-USD": {"entry": 67012.4, "qty": 0.0003730652834400798, "size": 25.0, "stop": 64331.903999999995, "peak": 67012.4, "time": 1772322767.0984495}, "ETH-USD": {"entry": 1965.68, "qty": 0.012718245085670099, "size": 25.0, "stop": 1887.0528, "peak": 1965.68, "time": 1772322881.9194927}, "SOL-USD": {"entry": 84.36, "qty": 0.29634898055950687, "size": 25.0, "stop": 80.98559999999999, "peak": 84.36, "time": 1772322885.5736296}}