{"PLU-USD": {"entry": 0.142, "qty": 176.05633802816902, "peak": 0.142, "stop": 0.13631999999999997}, "PIRATE-USD": {"entry": 0.0045, "qty": 5555.555555555556, "peak": 0.0045, "stop": 0.004319999999999999}, "CELR-USD": {"entry": 0.00252, "qty": 9920.63492063492, "peak": 0.00257, "stop": 0.0024192}, "CRO-USD": {"entry": 0.07697, "qty": 324.80187085877617, "peak": 0.07697, "stop": 0.07389119999999999}, "NOM-USD": {"entry": 0.00365, "qty": 6849.315068493151, "peak": 0.00365, "stop": 0.0035039999999999997}, "PNUT-USD": {"entry": 0.0456, "qty": 548.2456140350877, "peak": 0.0456, "stop": 0.043776}, "IMU-USD": {"entry": 0.00312, "qty": 8012.820512820513, "peak": 0.00313, "stop": 0.0029952}, "WLFI-USD": {"entry": 0.11446, "qty": 218.4169142058361, "peak": 0.11446, "stop": 0.1098816}, "PAX-USD": {"entry": 0.9995, "qty": 25.012506253126563, "peak": 0.9995, "stop": 0.95952}, "FIGHT-USD": {"entry": 0.00635, "qty": 3937.0078740157483, "peak": 0.00635, "stop": 0.006096}, "COW-USD": {"entry": 0.2172, "qty": 115.1012891344383, "peak": 0.2172, "stop": 0.208512}, "AUCTION-USD": {"entry": 4.87, "qty": 5.133470225872689, "peak": 4.87, "stop": 4.6752}, "JASMY-USD": {"entry": 0.00572, "qty": 4370.62937062937, "peak": 0.00572, "stop": 0.0054912}, "BIO-USD": {"entry": 0.0215, "qty": 1162.7906976744187, "peak": 0.0215, "stop": 0.02064}, "SWFTC-USD": {"entry": 0.00383, "qty": 6527.415143603133, "peak": 0.003831, "stop": 0.0036768}, "ASM-USD": {"entry": 0.00717, "qty": 3486.7503486750347, "peak": 0.00717, "stop": 0.0068832}, "SWELL-USD": {"entry": 0.0013, "qty": 19230.76923076923, "peak": 0.0013, "stop": 0.001248}, "ADA-USD": {"entry": 0.2843, "qty": 87.93527963418924, "peak": 0.2843, "stop": 0.272928}, "YB-USD": {"entry": 0.1653, "qty": 151.24016938898973, "peak": 0.1653, "stop": 0.158688}}