{"BTC-USD": {"entry": 67041.85, "qty": 0.00037290140412294705, "size": 25.0, "stop": 64360.17600000001, "peak": 67041.85, "time": 1772322805.9995883}, "ETH-USD": {"entry": 1963.36, "qty": 0.012733273571836037, "size": 25.0, "stop": 1884.8256, "peak": 1963.36, "time": 1772322963.9970424}, "SOL-USD": {"entry": 84.41, "qty": 0.2961734391659756, "size": 25.0, "stop": 81.03359999999999, "peak": 84.41, "time": 1772323115.5960767}, "LINK-USD": {"entry": 8.846, "qty": 2.8261361067148996, "size": 25.0, "stop": 8.49216, "peak": 8.846, "time": 1772323119.6880887}}