{"BTC-USD": {"entry": 67041.85, "qty": 0.00037290140412294705, "size": 25.0, "stop": 64360.17600000001, "peak": 67041.85, "time": 1772322805.9995883}, "ETH-USD": {"entry": 1963.36, "qty": 0.012733273571836037, "size": 25.0, "stop": 1884.8256, "peak": 1963.36, "time": 1772322963.9970424}, "SOL-USD": {"entry": 84.33, "qty": 0.296454405312463, "size": 25.0, "stop": 80.9568, "peak": 84.33, "time": 1772323072.4756649}, "LINK-USD": {"entry": 8.836, "qty": 2.8293345405160704, "size": 25.0, "stop": 8.48256, "peak": 8.836, "time": 1772323076.3391044}}