{"SYRUP-USD": {"entry": 0.2331, "qty": 107.25010725010725, "peak": 0.2331, "stop": 0.223776}, "WCT-USD": {"entry": 0.0606, "qty": 412.54125412541254, "peak": 0.0606, "stop": 0.058176}, "FET-USD": {"entry": 0.1593, "qty": 156.9365976145637, "peak": 0.1593, "stop": 0.15292799999999998}, "LRDS-USD": {"entry": 0.0277, "qty": 902.5270758122743, "peak": 0.0277, "stop": 0.026591999999999998}, "SENT-USD": {"entry": 0.02187, "qty": 1143.1184270690444, "peak": 0.02187, "stop": 0.0209952}, "RLS-USD": {"entry": 0.00526, "qty": 4752.851711026616, "peak": 0.00526, "stop": 0.0050496}, "SPX-USD": {"entry": 0.3271, "qty": 76.42922653622745, "peak": 0.3271, "stop": 0.314016}, "PYTH-USD": {"entry": 0.0509, "qty": 491.1591355599214, "peak": 0.0509, "stop": 0.048864}, "SHIB-USD": {"entry": 5.87e-06, "qty": 4258943.781942079, "peak": 5.87e-06, "stop": 5.6352e-06}, "CHZ-USD": {"entry": 0.0346, "qty": 722.5433526011561, "peak": 0.0346, "stop": 0.033215999999999996}, "NMR-USD": {"entry": 7.77, "qty": 3.217503217503218, "peak": 7.77, "stop": 7.459199999999999}, "ELA-USD": {"entry": 0.577, "qty": 43.327556325823224, "peak": 0.577, "stop": 0.55392}, "MATH-USD": {"entry": 0.028, "qty": 892.8571428571429, "peak": 0.028, "stop": 0.02688}, "OXT-USD": {"entry": 0.018, "qty": 1388.888888888889, "peak": 0.018, "stop": 0.017279999999999997}, "BTRST-USD": {"entry": 0.138, "qty": 181.15942028985506, "peak": 0.139, "stop": 0.13248000000000001}, "CORECHAIN-USD": {"entry": 0.0814, "qty": 307.12530712530713, "peak": 0.0814, "stop": 0.07814399999999999}, "ZAMA-USD": {"entry": 0.02214, "qty": 1129.177958446251, "peak": 0.02214, "stop": 0.0212544}, "VARA-USD": {"entry": 0.00097, "qty": 25773.195876288657, "peak": 0.00097, "stop": 0.0009312}, "WMTX-USD": {"entry": 0.06974, "qty": 358.4743332377402, "peak": 0.06974, "stop": 0.0669504}, "DIA-USD": {"entry": 0.18806, "qty": 132.93629692651282, "peak": 0.18806, "stop": 0.1805376}}